<?xml version='1.0' encoding='utf-8'?>
<manifest identifier="CourseID" version="1.0" xmlns="http://www.imsproject.org/xsd/imscp_rootv1p1p2" xmlns:adlcp="http://www.adlnet.org/xsd/adlcp_rootv1p2" xmlns:xsi="http://www.w3.org/2001/XMLSchema-instance" xsi:schemaLocation="http://www.imsproject.org/xsd/imscp_rootv1p1p2     ims_xml.xsd http://www.adlnet.org/xsd/adlcp_rootv1p2 adlcp_rootv1p2.xsd"><metadata><schema>ADL SCORM</schema><schemaversion>1.2</schemaversion></metadata><organizations default="ORG1"><organization identifier="ORG1"><title>Your Course Title</title><item identifier="ITEM1" identifierref="RES1"><title>Lesson 1</title></item></organization></organizations><resources><resource identifier="RES1" type="webcontent" adlcp:scormtype="sco" href="index.html"><file href="index.html" /></resource></resources></manifest>